City_ID,City,Cloudiness,Country,Date,Humidity,Latitude,Longitude,Max Temp,Wind Speed
0,yellowknife,75,CA,1534543200,63,62.45,-114.38,64.4,11.41
1,banjar,32,ID,1534547433,91,-7.37,108.54,67.25,2.71
2,hermanus,0,ZA,1534547434,94,-34.42,19.24,30.08,2.59
3,new norfolk,20,AU,1534545000,65,-42.78,147.06,46.4,10.29
4,amambai,0,BR,1534547434,70,-23.11,-55.23,65.99,8.63
5,salgueiro,0,BR,1534547435,40,-8.07,-39.12,78.59,13.78
6,rikitea,64,PF,1534547436,100,-23.12,-134.97,70.94,5.17
7,bluff,0,AU,1534547335,23,-23.58,149.07,73.19,3.6
9,salalah,90,OM,1534542600,100,17.01,54.1,75.2,5.82
11,port elizabeth,1,US,1534546500,78,39.31,-74.98,89.6,4.7
12,hilo,40,US,1534545660,74,19.71,-155.08,84.2,9.17
13,richmond,20,CA,1534544100,72,49.16,-123.14,75.2,9.17
14,mount gambier,24,AU,1534547437,98,-37.83,140.78,46.73,9.98
15,sistranda,40,NO,1534546200,87,63.73,8.83,55.4,10.29
16,inzer,0,RU,1534547437,77,54.22,57.56,46.64,3.04
17,hobart,20,AU,1534545000,65,-42.88,147.33,46.4,10.29
18,henties bay,0,NA,1534547437,100,-22.12,14.28,51.32,3.15
19,bredasdorp,0,ZA,1534543200,100,-34.53,20.04,35.6,3.36
20,cayenne,0,GF,1534545000,83,4.94,-52.33,80.6,4.7
21,avera,1,US,1534545300,66,33.19,-82.53,87.8,8.05
22,pevek,88,RU,1534547438,100,69.7,170.27,45.47,4.16
23,punta arenas,20,CL,1534543200,80,-53.16,-70.91,35.6,20.8
24,vaini,88,IN,1534547438,98,15.34,74.49,69.32,8.97
25,nantucket,20,US,1534546140,94,41.28,-70.1,82.4,9.17
26,lasem,0,ID,1534547439,91,-6.99,112.52,75.08,5.17
28,mackay,1,CA,1534546800,47,53.65,-115.58,77,4.7
29,riachao do jacuipe,0,BR,1534547439,67,-11.81,-39.39,72.29,7.96
30,georgetown,75,GY,1534543200,94,6.8,-58.16,77,4.7
32,los llanos de aridane,44,ES,1534546800,69,28.66,-17.92,73.4,10.29
33,homer,75,US,1534542780,48,59.64,-151.54,60.8,5.82
34,olinda,20,EC,1534543200,58,-2.03,-79.75,84.2,9.17
35,mataura,0,NZ,1534547442,97,-46.19,168.86,46.91,4.61
36,nikolskoye,0,RU,1534545000,87,59.7,30.79,59,8.95
37,cidreira,0,BR,1534547303,77,-30.17,-50.22,59.69,15.68
38,adrar,0,DZ,1534543200,16,27.87,-0.29,98.6,4.7
39,busselton,0,AU,1534547442,100,-33.64,115.35,49.79,11.65
40,tuktoyaktuk,90,CA,1534543200,86,69.44,-133.03,37.4,21.92
41,katsina,76,NG,1534547443,97,12.99,7.6,69.23,9.98
42,castro,88,CL,1534547444,94,-42.48,-73.76,41.24,6.62
43,norman wells,90,CA,1534543200,66,65.28,-126.83,55.4,20.8
44,tabou,88,CI,1534547444,100,4.42,-7.36,78.14,14.79
45,orchard homes,1,US,1534546380,23,46.86,-114.05,84.2,6.93
46,dikson,68,RU,1534547444,100,73.51,80.55,41.96,19.37
47,saskylakh,64,RU,1534547444,99,71.97,114.09,49.52,11.32
48,avarua,75,CK,1534543200,73,-21.21,-159.78,77,9.17
49,ushuaia,75,AR,1534543200,93,-54.81,-68.31,37.4,17.22
50,saint-philippe,90,CA,1534546500,88,45.36,-73.48,75.2,4.7
51,clyde river,75,CA,1534543200,93,70.47,-68.59,41,14.99
52,east london,64,ZA,1534547445,100,-33.02,27.91,57.26,16.35
53,mahebourg,40,MU,1534543200,68,-20.41,57.7,71.6,16.11
54,keti bandar,92,PK,1534547445,99,24.14,67.45,80.66,21.05
55,westport,92,IE,1534547386,96,53.8,-9.52,59.33,18.81
57,kapaa,40,US,1534542960,74,22.08,-159.32,84.2,13.87
58,meulaboh,44,ID,1534547446,100,4.14,96.13,75.62,5.17
59,sao joaquim,0,BR,1534547446,89,-28.29,-49.93,42.23,3.38
60,san juan,8,AR,1534547447,77,-31.54,-68.53,52.94,1.81
61,mackenzie,1,CA,1534543200,22,55.34,-123.09,77,12.75
62,thompson,75,CA,1534543200,59,55.74,-97.86,66.2,8.05
63,faya,0,SA,1534543200,60,18.39,42.45,71.6,3.71
64,shimanovsk,88,RU,1534547448,87,52,127.67,61.58,6.29
66,provideniya,0,RU,1534547448,88,64.42,-173.23,51.59,10.31
68,zamora,0,ES,1534546800,72,41.51,-5.74,59,11.41
69,severo-kurilsk,92,RU,1534547449,97,50.68,156.12,52.49,23.51
70,khatanga,92,RU,1534547449,95,71.98,102.47,51.68,11.65
71,kodiak,20,US,1534546380,62,39.95,-94.76,86,8.05
72,pochutla,90,MX,1534542300,70,15.74,-96.47,86,11.41
73,albany,75,US,1534545900,83,42.65,-73.75,80.6,11.41
74,talcahuano,75,CL,1534543200,87,-36.72,-73.12,53.6,9.17
75,tual,36,ID,1534547449,98,-5.67,132.75,79.31,16.24
76,tuatapere,0,NZ,1534547450,100,-46.13,167.69,45.83,3.94
77,vila franca do campo,20,PT,1534545000,83,37.72,-25.43,73.4,3.36
78,barrow,8,AR,1534547316,56,-38.31,-60.23,58.79,14.12
79,airai,0,TL,1534547349,83,-8.93,125.41,69.95,1.92
80,labuhan,0,ID,1534547450,83,-2.54,115.51,74.09,2.93
82,mercedes,0,UY,1534547450,75,-33.25,-58.03,62.39,8.08
83,jamestown,80,AU,1534547451,76,-33.21,138.6,46.46,18.81
85,surgut,0,RU,1534545000,93,61.25,73.4,55.4,13.42
86,acapulco,75,MX,1534542660,70,16.86,-99.88,87.8,5.82
87,saint anthony,1,US,1534542960,15,43.97,-111.68,87.8,5.39
88,atuona,88,PF,1534547330,100,-9.8,-139.03,77.69,17.47
89,voh,48,NC,1534547452,95,-20.95,164.69,71.48,4.72
90,hithadhoo,80,MV,1534547452,100,-0.6,73.08,79.67,10.87
91,mandera,92,ET,1534547452,68,3.94,41.86,76.07,13.78
92,nanortalik,88,GL,1534547452,97,60.14,-45.24,42.59,16.8
93,ponta do sol,88,BR,1534547452,96,-20.63,-46,57.98,2.26
94,vaitape,36,PF,1534547453,100,-16.52,-151.75,78.95,13.78
95,port moresby,75,PG,1534543200,100,-9.47,147.16,77,17.22
96,emerald,0,AU,1534547453,30,-23.53,148.16,71.66,4.61
97,tigre,0,AR,1534543200,82,-34.42,-58.58,62.6,4.7
98,road town,75,VG,1534543200,79,18.42,-64.62,84.2,10.29
99,butaritari,76,KI,1534547453,100,3.07,172.79,85.34,8.52
100,sosua,40,DO,1534543200,74,19.77,-70.52,87.8,11.41
101,nome,1,US,1534546500,55,30.04,-94.42,95,9.17
104,faanui,68,PF,1534547454,100,-16.48,-151.75,78.05,15.23
106,pervomayskoye,0,RU,1534547454,83,57.07,86.23,55.37,2.82
107,arraial do cabo,40,BR,1534543200,88,-22.97,-42.02,66.2,1.12
108,brezova,0,HR,1534546800,88,46.05,15.93,66.2,3.36
109,bilma,0,NE,1534547455,68,18.69,12.92,78.86,8.63
110,huarmey,8,PE,1534547455,67,-10.07,-78.15,64.91,3.6
111,monduli,0,TZ,1534547455,83,-3.3,36.45,54.29,5.17
112,hasaki,75,JP,1534545000,68,35.73,140.83,69.8,5.82
113,chuy,0,UY,1534547456,82,-33.69,-53.46,58.79,18.03
116,polovinnoye,0,RU,1534547456,92,54.79,65.99,49.88,8.63
117,wilmington,75,US,1534546500,66,39.75,-75.55,89.6,9.17
118,fortuna,0,ES,1534546800,83,38.18,-1.13,77,5.82
120,fuyu,0,CN,1534547457,93,47.79,124.46,66.89,4.61
121,ilulissat,75,GL,1534546200,75,69.22,-51.1,44.6,4.7
122,aguimes,75,ES,1534546800,64,27.91,-15.45,73.4,20.8
123,byron bay,0,AU,1534546800,40,-28.65,153.62,68,5.82
124,komsomolskiy,88,RU,1534547457,95,67.55,63.78,41.78,5.95
125,cabo san lucas,20,MX,1534542360,66,22.89,-109.91,89.6,6.93
126,porto torres,0,IT,1534546200,88,40.84,8.4,69.8,4.7
128,senno,64,RU,1534543200,87,57.76,27.95,59,4.47
129,le port,68,FR,1534547231,100,42.87,1.37,46.28,1.92
130,luderitz,0,NA,1534547459,63,-26.65,15.16,53.21,10.98
131,ponta delgada,20,PT,1534545000,83,37.73,-25.67,73.4,3.36
132,lluta,0,PE,1534543200,11,-16.02,-72.01,66.2,9.17
133,mae hong son,92,MM,1534547459,99,19.3,97.96,69.59,1.03
134,saldanha,0,PT,1534547459,50,41.42,-6.55,67.16,13.11
135,upernavik,92,GL,1534547459,95,72.79,-56.15,39.98,7.4
136,souillac,0,FR,1534546800,77,45.6,-0.6,60.8,1.12
137,fukue,75,JP,1534545000,57,35.03,136.69,75.2,10.29
138,phan thiet,88,VN,1534547460,100,10.93,108.1,76.79,15.46
139,qaanaaq,92,GL,1534547328,94,77.48,-69.36,39.26,3.15
140,dingle,12,PH,1534547460,84,11,122.67,81.56,10.65
141,maldonado,0,UY,1534543200,77,-34.91,-54.96,62.6,5.82
143,saint-pierre,0,FR,1534546800,71,48.95,4.24,59,6.93
144,ribeira grande,0,PT,1534547462,100,38.52,-28.7,75.53,4.27
145,coruripe,92,BR,1534547462,99,-10.12,-36.18,76.07,10.31
146,beppu,40,JP,1534543200,73,33.3,131.49,75.2,10.29
147,puerto ayora,0,EC,1534543200,61,-0.74,-90.35,80.6,21.92
148,puerto baquerizo moreno,40,EC,1534543200,78,-0.9,-89.6,75.2,17.22
149,wanning,36,AT,1534544400,72,48.64,13.53,66.2,4.7
150,heythuysen,0,NL,1534546500,72,51.25,5.9,60.8,1.12
151,wukari,92,NG,1534547463,100,7.87,9.78,70.58,11.32
152,port alfred,0,ZA,1534547463,100,-33.59,26.89,52.31,10.09
153,carnarvon,0,ZA,1534547253,82,-30.97,22.13,27.2,9.64
154,bathsheba,75,BB,1534545060,88,13.22,-59.52,78.8,9.17
155,bexhill,0,GB,1534546200,88,50.84,0.47,62.6,10.29
157,bharatpur,56,NP,1534547464,98,27.68,84.43,71.84,2.59
158,port hardy,40,CA,1534543200,60,50.7,-127.42,68,17.22
159,guerrero negro,0,MX,1534547357,63,27.97,-114.04,82.28,13.44
160,poum,0,MK,1534545000,87,41.28,20.71,59,4.7
162,te anau,0,NZ,1534547464,96,-45.41,167.72,40.16,3.6
163,phalodi,20,IN,1534547464,93,27.13,72.36,82.46,4.83
164,hirara,75,JP,1534543200,88,24.8,125.28,82.4,9.17
165,praia,75,BR,1534543200,87,-20.25,-43.81,59,13.87
166,sola,40,NO,1534546200,87,58.89,5.65,60.8,10.29
167,liverpool,40,GB,1534544400,87,53.41,-2.98,60.8,5.82
168,kieta,44,PG,1534547465,100,-6.22,155.63,79.31,4.16
169,curaca,12,BR,1534547465,46,-8.99,-39.91,80.21,14
170,tasiilaq,12,GL,1534546200,75,65.61,-37.64,46.4,3.36
171,nouadhibou,0,MR,1534543200,73,20.93,-17.03,71.6,18.34
173,samarai,92,PG,1534547466,100,-10.62,150.67,76.7,9.86
174,yangjiang,76,CN,1534547466,100,21.85,111.96,79.67,6.85
175,kununurra,0,AU,1534545000,82,-15.77,128.74,57.2,3.36
176,lompoc,1,US,1534545300,38,34.64,-120.46,87.8,13.87
177,saint george,0,GR,1534546200,53,39.45,22.34,73.4,4.7
178,mariental,0,DE,1534547467,91,52.28,10.99,54.38,3.04
179,ouadda,68,CF,1534547467,96,8.07,22.4,65.18,3.04
180,quatre cocos,40,MU,1534543200,68,-20.21,57.76,71.6,16.11
181,soroti,76,UG,1534547467,100,1.71,33.61,63.56,5.28
182,hamilton,40,BM,1534542900,74,32.3,-64.78,84.2,11.41
183,torbay,90,CA,1534543200,93,47.66,-52.73,51.8,8.05
184,saint-paul,90,FR,1534546800,82,45.22,1.9,64.4,8.05
185,sfantu gheorghe,0,RO,1534545000,68,44.65,26.83,71.6,9.17
186,babanka,0,UA,1534547469,68,48.71,30.45,68.6,5.73
187,aleksandrov gay,68,RU,1534547469,80,50.14,48.57,65.18,14.23
188,tonantins,76,BR,1534547469,93,-2.86,-67.77,76.61,1.81
189,port lincoln,56,AU,1534547469,93,-34.72,135.86,54.83,23.51
190,iralaya,75,HN,1534543200,94,15,-83.23,71.6,3.36
191,murdochville,88,CA,1534547469,80,48.96,-65.49,61.94,1.7
192,hambantota,88,LK,1534547470,100,6.12,81.12,77.6,15.68
193,zhigansk,92,RU,1534547473,93,66.77,123.37,57.08,3.15
194,iqaluit,75,CA,1534543200,87,63.75,-68.52,48.2,14.99
195,montes claros,88,BR,1534547474,87,-16.73,-43.87,62.75,7.63
196,pangnirtung,90,CA,1534543200,81,66.15,-65.72,50,2.24
197,beringovskiy,0,RU,1534547475,72,63.05,179.32,61.04,9.64
198,khvoynaya,0,RU,1534547475,82,58.9,34.53,55.55,4.72
199,cape town,0,ZA,1534543200,70,-33.93,18.42,48.2,4.7
200,brynmawr,90,GB,1534546200,88,51.8,-3.17,62.6,14.99
201,prince rupert,75,CA,1534543200,72,54.32,-130.32,62.6,6.93
202,rumburk,75,CZ,1534546200,82,50.95,14.56,66.2,17.22
203,comodoro rivadavia,20,AR,1534543200,37,-45.87,-67.48,55.4,12.75
204,lebu,75,ET,1534543200,87,8.96,38.73,57.2,2.24
205,gornorechenskiy,56,RU,1534547476,73,44.26,135.11,64.73,3.15
206,mount isa,0,AU,1534545000,15,-20.73,139.49,68,5.82
207,mar del plata,48,AR,1534547476,48,-46.43,-67.52,46.37,17.92
208,daru,92,SL,1534547476,97,7.99,-10.85,72.65,7.74
209,senneterre,75,CA,1534543200,68,48.39,-77.24,69.8,18.34
210,parkes,8,AU,1534547476,75,-33.14,148.18,50.87,11.65
211,bykovo,64,RU,1534547477,57,49.76,45.39,72.11,16.8
213,lienz,24,AT,1534547477,94,46.83,12.77,49.07,1.7
214,finschhafen,92,PG,1534547477,87,-6.6,147.85,75.98,2.71
215,papar,75,MY,1534546800,69,5.73,115.93,80.6,6.93
216,iquitos,20,PE,1534543200,62,-3.75,-73.25,86,4.7
217,margate,20,AU,1534546800,61,-43.03,147.26,48.2,10.29
218,muros,0,ES,1534546800,82,42.77,-9.06,59,6.93
220,sao filipe,20,CV,1534547478,100,14.9,-24.5,77.87,7.07
222,corralillo,20,CU,1534547478,72,22.98,-80.59,84.62,12.55
223,kuandian,64,CN,1534547242,71,40.73,124.78,74.18,3.71
224,leningradskiy,92,RU,1534547478,70,69.38,178.42,48.26,7.96
226,esperance,20,TT,1534543200,74,10.24,-61.45,82.4,4.7
227,kharp,0,RU,1534547478,88,66.82,65.8,42.5,9.53
228,nalut,0,LY,1534547479,48,31.86,10.98,80.21,11.65
229,cherskiy,80,RU,1534547479,73,68.75,161.3,50.69,8.19
230,otane,92,NZ,1534547479,87,-39.89,176.62,44.21,8.19
231,takaka,0,NZ,1534547479,92,-40.86,172.81,50.69,2.26
232,hami,0,CN,1534547479,44,42.84,93.51,65.27,4.16
233,kahului,40,US,1534542840,70,20.89,-156.47,87.8,21.92
234,richards bay,92,ZA,1534547479,100,-28.77,32.06,58.16,15.9
235,port hedland,0,AU,1534545000,43,-20.31,118.58,55.4,9.17
236,atambua,0,ID,1534547208,100,-9.11,124.89,76.34,7.18
237,mehamn,12,NO,1534547480,96,71.03,27.85,50.96,3.27
238,isangel,0,VU,1534547480,100,-19.55,169.27,72.65,8.75
239,nara,75,JP,1534545000,60,34.68,135.8,73.4,10.29
240,moose factory,1,CA,1534543200,71,51.26,-80.61,51.8,8.05
241,sao miguel do araguaia,92,BR,1534547481,92,-13.28,-50.16,70.22,4.72
242,milkovo,0,BG,1534546800,68,41.53,24.68,69.8,3.04
243,tinskoy,88,RU,1534547481,86,56.15,96.92,61.04,2.26
244,hangzhou,0,CN,1534545000,94,30.25,120.21,80.6,4.47
248,elat,80,CM,1534547481,96,2.91,11.16,68.96,2.59
249,bindura,0,ZW,1534547482,72,-17.3,31.33,46.91,2.71
250,normandin,90,CA,1534543200,93,48.84,-72.53,62.6,3.36
251,gualaquiza,48,EC,1534547482,96,-3.4,-78.58,61.85,1.7
252,grinnell,1,US,1534545300,61,41.74,-92.72,84.2,5.82
253,suluq,0,LY,1534542300,74,31.67,20.25,78.8,19.46
254,paraiso,75,MX,1534542240,32,24.01,-104.61,80.6,10.29
256,shache,0,CN,1534547483,62,38.42,77.24,58.61,3.94
257,gigmoto,24,PH,1534547483,97,13.78,124.39,82.91,16.13
260,middlebury,90,US,1534546440,83,44.01,-73.17,77,5.82
261,mandalgovi,0,MN,1534547483,68,45.76,106.27,58.52,4.38
262,las lajas,68,HN,1534547483,86,14.9,-87.59,73.46,2.04
263,quelimane,0,MZ,1534547484,74,-17.88,36.89,70.31,9.75
264,dunedin,0,NZ,1534547484,91,-45.87,170.5,44.12,3.94
265,martapura,0,ID,1534547484,93,-3.41,114.85,77.96,8.19
266,chokurdakh,0,RU,1534547484,95,70.62,147.9,45.29,5.28
267,saint-francois,0,FR,1534546800,68,46.42,3.91,66.2,5.82
268,tharad,92,IN,1534547485,97,24.39,71.63,77.33,5.28
269,batagay-alyta,32,RU,1534547345,73,67.8,130.41,61.4,3.94
270,talnakh,56,RU,1534547485,93,69.49,88.39,44.93,6.17
271,the pas,1,CA,1534543200,64,53.82,-101.24,73.4,12.75
273,narasannapeta,76,IN,1534547485,94,18.42,84.04,75.8,2.59
274,sur,0,OM,1534547485,88,22.57,59.53,84.17,7.74
275,oussouye,40,SN,1534543200,94,12.49,-16.54,80.6,4.7
276,broken hill,0,AU,1534547486,62,-31.97,141.45,53.3,16.58
277,nelson bay,0,AU,1534545000,53,-32.72,152.14,51.8,6.93
278,gushikawa,20,JP,1534546560,83,26.35,127.87,82.4,9.17
279,sorong,20,ID,1534547486,100,-0.86,131.25,80.93,11.88
280,minbu,100,MM,1534547486,100,20.18,94.88,73.73,3.38
281,lazurne,20,UA,1534547487,49,46.77,34.99,72.47,4.94
282,onguday,76,RU,1534547487,96,50.75,86.14,49.79,1.03
284,goure,88,NE,1534547487,97,13.98,10.27,71.03,9.19
285,taksimo,92,RU,1534547487,99,56.36,114.84,47.54,2.59
286,narsaq,75,GL,1534546200,71,60.91,-46.05,50,3.36
287,miguelopolis,32,BR,1534547487,95,-20.18,-48.03,59.78,5.84
288,tucson,20,US,1534543080,30,32.22,-110.93,98.6,11.41
289,bambous virieux,40,MU,1534543200,68,-20.34,57.76,71.6,16.11
290,mitsamiouli,20,KM,1534543200,60,-11.38,43.28,73.4,5.82
291,pisco,0,PE,1534543200,77,-13.71,-76.2,64.4,21.92
292,kavieng,92,PG,1534547488,100,-2.57,150.8,84.08,14.12
293,naze,88,NG,1534547488,95,5.43,7.07,73.1,5.17
294,tiksi,92,RU,1534547488,100,71.64,128.87,49.88,6.06
295,redlands,40,US,1534543080,27,34.06,-117.19,98.6,9.17
296,shenjiamen,92,CN,1534547488,94,29.96,122.3,82.55,22.17
297,kaitangata,0,NZ,1534547489,94,-46.28,169.85,46.46,4.72
298,talakan,64,RU,1534547489,83,50.29,130.28,63.56,4.5
299,hualmay,24,PE,1534547489,87,-11.1,-77.61,61.94,6.62
300,aklavik,90,CA,1534543320,75,68.22,-135.01,42.8,6.93
301,praia da vitoria,20,PT,1534543200,88,38.73,-27.07,73.4,3.38
302,dzhebariki-khaya,80,RU,1534547490,62,62.22,135.8,67.16,6.4
303,tuy hoa,36,VN,1534547428,79,13.08,109.3,83.81,13.33
304,yantal,88,RU,1534547490,99,56.85,105.25,52.31,3.38
305,biak,56,ID,1534547490,100,-0.91,122.88,75.89,5.61
306,najran,40,SA,1534543200,20,17.54,44.22,87.8,6.29
307,lima,36,PE,1534547491,74,-12.06,-77.04,60.5,1.92
308,beboto,68,TD,1534547491,94,8.27,16.94,71.21,4.38
309,yining,92,CN,1534547491,99,29.04,114.56,71.21,3.6
310,ballina,92,IE,1534547491,96,54.11,-9.15,59.42,16.69
311,shiloh,40,US,1534546440,62,38.56,-89.9,87.8,4.7
312,krasnoarmeysk,0,RU,1534545000,93,56.12,38.15,53.6,2.24
313,dudinka,64,RU,1534547492,85,69.41,86.18,46.19,7.07
314,okha,48,RU,1534547492,84,53.59,142.95,57.08,9.42
315,aasiaat,48,GL,1534547492,98,68.71,-52.87,42.5,8.3
316,aleksandrovskiy zavod,8,RU,1534547492,74,50.92,117.94,58.25,5.73
317,bay roberts,90,CA,1534543200,93,47.58,-53.28,51.8,8.05
318,belmonte,0,PT,1534547493,53,40.36,-7.35,66.98,6.4
319,seddon,0,NZ,1534547215,94,-41.67,174.07,50.24,9.86
320,kruisfontein,0,ZA,1534547493,99,-34,24.73,50.78,9.53
321,resplendor,100,BR,1534547493,97,-19.33,-41.26,63.56,3.49
322,north bend,1,US,1534546560,63,43.41,-124.22,66.2,26.4
323,urengoy,56,RU,1534547494,94,65.96,78.37,50.78,9.19
324,san quintin,90,PH,1534543200,100,17.54,120.52,77,2.24
326,viedma,56,AR,1534547494,58,-40.81,-62.99,52.94,2.71
327,jutai,68,BR,1534547494,83,-1.71,-47.89,78.59,5.73
328,bocas del toro,48,PA,1534547495,100,9.33,-82.25,80.93,8.86
329,ahipara,0,NZ,1534547454,82,-35.17,173.16,58.07,13
330,coos bay,1,US,1534546560,63,43.37,-124.22,66.2,26.4
331,buin,75,CL,1534546800,58,-33.73,-70.74,57.2,11.41
332,eureka,1,US,1534545300,72,40.8,-124.16,64.4,13.87
333,nieuw amsterdam,0,SR,1534546800,66,5.88,-55.08,84.2,4.7
334,karymskoye,48,RU,1534547496,83,51.62,114.34,56.36,7.74
335,trincomalee,56,LK,1534547496,79,8.58,81.23,78.41,21.27
336,tynda,24,RU,1534547496,93,55.15,124.74,61.58,3.38
337,paamiut,92,GL,1534547496,93,61.99,-49.67,44.3,17.47
339,caraballeda,36,VE,1534547496,98,10.61,-66.85,80.12,12.66
340,farmington,1,US,1534546380,22,36.73,-108.21,89.6,12.75
341,alekseyevka,0,RU,1534545000,71,53.25,50.49,53.6,11.18
342,hibbing,1,US,1534545300,37,47.43,-92.94,82.4,3.36
343,balkhash,0,KZ,1534547497,95,46.84,74.98,68.78,15.46
344,oka,92,NG,1534547498,96,6.04,7.09,72.65,5.95
345,dongsheng,92,CN,1534547498,91,29.72,112.52,73.19,18.37
346,muzhi,76,RU,1534547498,81,65.4,64.7,46.28,11.43
347,sioux lookout,75,CA,1534543200,47,50.1,-91.92,77,4.7
348,nortelandia,0,BR,1534547212,79,-14.45,-56.8,72.11,7.4
349,pacifica,1,US,1534545300,35,37.61,-122.49,95,5.82
350,constitucion,75,MX,1534542240,32,23.99,-104.67,80.6,10.29
351,codrington,0,AU,1534547498,61,-28.95,153.24,61.58,3.71
352,espinosa,88,BR,1534547499,82,-14.92,-42.81,65.36,8.63
353,flin flon,90,CA,1534543200,60,54.77,-101.88,73.4,6.93
354,suntar,64,RU,1534547499,85,62.16,117.65,57.44,7.18
355,tarakan,48,ID,1534547499,100,3.3,117.63,77.78,1.59
357,ola,90,RU,1534545000,82,59.58,151.3,60.8,4.47
358,port macquarie,0,AU,1534543200,70,-31.43,152.91,46.4,5.82
359,ongandjera,0,NA,1534547500,41,-17.88,15.07,56.81,4.16
360,ancud,80,CL,1534547500,92,-41.87,-73.83,41.96,6.73
361,antofagasta,75,CL,1534543200,71,-23.65,-70.4,57.2,14.99
362,lyuban,48,BY,1534547358,91,52.8,28,63.02,2.93
363,rey bouba,88,CM,1534547500,93,8.67,14.18,70.85,2.93
364,auki,92,NG,1534547500,97,12.18,6.51,71.48,6.4
366,kaeo,8,NZ,1534547500,73,-35.1,173.78,58.79,11.43
367,bethel,20,US,1534542780,55,60.79,-161.76,60.8,5.82
368,zabaykalsk,0,CN,1534547501,60,49.64,117.33,62.84,6.62
369,limbang,75,BN,1534546800,88,4.75,115.01,78.8,3.36
370,esil,12,KZ,1534547501,93,51.96,66.41,55.73,6.85
371,burgeo,8,CA,1534547501,98,47.61,-57.61,60.95,8.41
372,apatity,36,RU,1534547501,66,67.57,33.4,63.29,8.63
373,touros,64,BR,1534547330,83,-5.2,-35.46,76.61,15.79
374,severomuysk,92,RU,1534547501,98,56.17,113.57,43.13,2.59
375,yumen,0,CN,1534547502,52,40.29,97.04,53.03,5.73
376,morgan city,1,US,1534542960,74,29.7,-91.21,86,4.7
377,erenhot,0,CN,1534547372,55,43.65,111.97,68.24,9.64
378,tucuman,0,PE,1534547502,72,-17.17,-70.89,54.74,0.92
379,la rioja,12,AR,1534547502,69,-29.41,-66.86,59.33,6.51
380,grand gaube,40,MU,1534543200,68,-20.01,57.66,71.6,16.11
381,peniche,0,PT,1534545000,68,39.36,-9.38,69.8,10.29
382,la paz,20,MX,1534542000,34,24.15,-110.32,93.2,12.75
383,thunder bay,90,CA,1534543200,73,48.41,-89.26,71.6,2.24
384,oktyabrskoye,0,RU,1534547503,86,56.73,85.44,56.18,4.83
385,boundiali,92,CI,1534547503,99,9.53,-6.48,69.5,4.05
386,manta,12,RO,1534547503,83,45.1,24.1,60.05,3.15
387,port angeles,1,US,1534546560,67,48.12,-123.43,69.8,4.7
388,ostrovnoy,12,RU,1534547504,80,68.05,39.51,56.54,15.23
389,goderich,80,CA,1534547504,86,43.74,-81.71,72.74,12.44
390,lagoa,0,PT,1534545000,78,37.14,-8.45,73.4,6.93
391,shimoda,0,JP,1534547504,100,34.7,138.93,73.19,17.81
392,casablanca,40,MA,1534545000,94,33.6,-7.62,69.8,5.82
393,unity,0,CA,1534547504,80,52.44,-109.15,77.24,5.61
394,victoria,75,BN,1534545000,94,5.28,115.24,78.8,1.12
395,posse,92,BR,1534547505,69,-14.08,-46.36,68.78,10.42
396,aljezur,0,PT,1534547505,96,37.31,-8.8,64.19,9.98
397,geraldton,40,CA,1534543200,63,49.72,-86.95,64.4,8.05
398,whyalla,75,AU,1534543200,81,-33.04,137.58,48.2,6.93
401,urucara,0,BR,1534547505,46,-2.54,-57.76,87.23,4.61
402,gari,100,RU,1534547506,96,59.43,62.35,51.14,7.63
403,orel-izumrud,75,RU,1534545000,83,43.46,39.92,77,0.69
404,nizhniy kuranakh,92,RU,1534547506,99,58.84,125.49,58.88,3.38
405,yulara,0,AU,1534546800,41,-25.24,130.99,57.2,9.17
406,flinders,0,AU,1534543200,46,-34.58,150.85,53.6,3.36
407,kibaya,40,RW,1534545000,49,-2.2,30.56,68,4.7
408,yishui,100,CN,1534547507,99,35.78,118.63,74.27,11.99
409,okhotsk,64,RU,1534547507,93,59.36,143.24,59.24,4.5
410,dicabisagan,68,PH,1534547507,100,17.08,122.42,77.78,4.72
411,timmins,90,CA,1534543200,76,48.48,-81.33,57.2,9.17
412,kualakapuas,0,ID,1534547507,86,-3.01,114.39,76.25,3.94
413,kratovo,0,MK,1534545000,77,42.08,22.18,66.2,2.24
414,hue,40,VN,1534546800,88,16.47,107.58,80.6,3.36
415,buchanan,75,LR,1534545000,94,5.88,-10.05,75.2,7.07
416,vostok,68,RU,1534547508,76,46.45,135.83,63.02,2.82
418,toamasina,75,MG,1534543200,88,-18.17,49.38,68,2.71
419,sao sebastiao,20,BR,1534547509,58,-3.15,-58.36,85.43,3.94
420,merrill,1,US,1534546380,6,42.03,-121.6,87.8,9.17
421,calvia,20,ES,1534546800,88,39.57,2.51,71.6,3.36
422,sokolo,44,ML,1534547509,97,14.74,-6.12,72.47,3.38
424,ilinskaya,0,RU,1534547509,32,45.72,40.72,70.13,8.97
425,ishigaki,75,JP,1534545840,100,24.34,124.16,73.4,6.93
427,mitu,0,IR,1534547510,70,36.2,46.09,51.86,1.7
428,ossora,8,RU,1534547510,93,59.24,163.07,56.54,13.33
429,gondar,0,PT,1534546800,77,41.82,-8.78,73.4,2.24
430,salta,0,AR,1534543200,42,-24.79,-65.41,69.8,10.29
431,turkan,0,AF,1534547510,97,35.6,68.92,37.46,0.58
433,awbari,100,LY,1534547511,19,26.59,12.77,92.9,6.06
435,sakaiminato,75,JP,1534543200,68,35.55,133.23,68,3.36
436,mosquera,75,CO,1534543200,59,4.71,-74.23,60.8,5.82
437,bambanglipuro,8,ID,1534547511,81,-7.95,110.28,69.95,5.06
438,acurenam,56,GA,1534547512,94,1.03,10.67,69.41,3.38
439,wajima,8,JP,1534547512,85,37.4,136.9,73.64,10.65
440,tolentino,12,IT,1534546200,82,43.21,13.28,71.6,4.7
441,santa maria,0,BR,1534543200,88,-29.69,-53.81,62.6,4.7
442,verkhoyansk,36,RU,1534547513,70,67.55,133.39,64.37,3.71
443,porto novo,40,BR,1534543200,82,-23.68,-45.44,60.8,12.75
444,camden,75,US,1534546560,66,39.94,-75.12,87.8,9.17
445,itoman,40,JP,1534546560,83,26.12,127.67,82.4,9.17
446,ngunguru,0,NZ,1534547515,100,-35.62,174.5,57.53,13.22
447,dodge city,1,US,1534542840,45,37.75,-100.02,86,9.17
448,college,90,US,1534546680,58,64.86,-147.8,59,13.87
450,blackwater,0,GB,1534546200,72,51.33,-0.78,62.6,8.05
451,plouzane,0,FR,1534546800,93,48.38,-4.62,59,3.36
452,shirokiy,12,RU,1534547516,80,53.87,39.17,54.38,7.52
453,udachnyy,44,RU,1534547516,82,66.42,112.4,57.89,3.27
454,kostomuksha,56,RU,1534547516,65,64.59,30.6,66.17,8.97
455,zeya,92,RU,1534547516,100,53.74,127.27,55.64,5.17
456,saint-joseph,0,FR,1534546800,73,43.56,6.97,77,4.7
457,klaksvik,56,FO,1534546200,93,62.23,-6.59,50,16.11
458,lorengau,92,PG,1534547517,99,-2.02,147.27,83.9,13
459,sao felix do xingu,44,BR,1534547517,88,-6.64,-51.99,75.35,1.7
460,hoquiam,1,US,1534546380,68,46.98,-123.89,73.4,12.75
461,mayumba,88,GA,1534547517,96,-3.44,10.65,69.86,3.6
462,fonte boa,12,BR,1534547518,89,-2.51,-66.09,77.96,3.38
464,zambezi,0,ZM,1534547518,65,-13.55,23.12,56.18,3.83
465,teguldet,0,RU,1534547518,85,57.31,88.17,53.84,1.48
466,maceio,0,BR,1534543200,78,-9.67,-35.74,75.2,5.82
467,jinchang,100,CN,1534547519,86,38.52,102.19,56.99,2.59
468,san cristobal,75,EC,1534543200,67,-0.39,-78.55,57.2,18.34
469,kapuskasing,75,CA,1534543200,55,49.42,-82.43,64.4,10.29
470,behshahr,40,IR,1534543200,94,36.69,53.54,75.2,4.7
471,chara,0,GR,1534546200,53,39.42,22.43,73.4,4.7
472,holme,75,GB,1534546200,82,53.7,-2.31,62.6,4.7
474,lavrentiya,0,RU,1534547385,81,65.58,-170.99,51.86,14.12
475,sweetwater,1,US,1534546500,26,32.47,-100.41,98.6,9.17
476,itarema,12,BR,1534547521,76,-2.92,-39.92,78.14,17.02
477,amga,64,RU,1534547521,68,60.89,131.98,70.13,3.94
478,atherton,75,GB,1534546200,82,53.52,-2.49,62.6,4.7
480,katsuura,75,JP,1534543200,88,33.93,134.5,66.2,4.7
481,gat,48,SN,1534547521,79,14.69,-16.54,80.21,8.97
482,valley station,20,US,1534542780,66,33.35,-86.77,87.8,8.05
483,kuching,75,MY,1534546800,83,1.56,110.34,77,5.82
484,harper,1,US,1534546500,25,30.3,-99.24,98.6,11.41
486,katobu,8,ID,1534547522,97,-4.94,122.53,79.31,6.17
487,torbat-e jam,0,IR,1534547522,45,35.24,60.63,58.34,3.94
488,sacama,32,EC,1534547522,71,-3.9,-79.27,58.43,1.7
489,gamba,88,CN,1534547522,100,28.28,88.52,35.93,1.92
490,navolato,75,MX,1534542000,50,24.76,-107.7,96.8,5.82
491,lamu,92,ID,1534547523,92,0.57,122.3,76.61,3.15
492,sehithwa,0,BW,1534547523,28,-20.47,22.7,63.11,20.71
493,dhidhdhoo,88,MV,1534547230,100,6.88,73.1,78.95,20.27
496,vidisha,92,IN,1534547523,96,23.52,77.8,74.63,4.72
499,batemans bay,0,AU,1534547524,74,-35.71,150.18,57.53,5.5
500,mithi,92,PK,1534547524,81,24.74,69.8,81.02,9.75
501,muret,90,FR,1534546800,63,43.46,1.33,64.4,14.99
502,new kensington,90,US,1534546560,94,40.57,-79.76,77,5.82
503,ust-koksa,92,RU,1534547525,100,50.27,85.62,49.16,1.25
504,sladkovo,0,RU,1534547525,84,55.53,70.34,53.39,12.77
505,mahanoro,8,MG,1534547526,100,-19.9,48.8,59.78,2.15
506,grand forks,1,US,1534546500,47,47.91,-97.06,82.4,3.36
507,lat yao,92,TH,1534547526,88,15.75,99.79,75.44,5.39
508,tsumeb,0,NA,1534547526,32,-19.25,17.72,59.51,12.66
509,sechura,64,PE,1534547526,77,-5.56,-80.82,70.04,13.44
510,clive,75,US,1534545300,65,41.61,-93.78,86,8.05
511,punta alta,0,AR,1534543200,56,-27.46,-55.82,73.4,3.36
512,fairbanks,90,US,1534545180,58,64.84,-147.72,59,16.11
513,letka,0,BA,1534543200,77,43.74,17.27,69.8,3.36
514,fushan,0,CN,1534543200,94,23.86,116.89,78.8,3.15
515,arinos,88,BR,1534547504,85,-15.92,-46.11,64.46,3.15
516,bellingham,1,US,1534544100,56,48.75,-122.48,71.6,5.82
517,portland,1,US,1534546380,34,45.52,-122.67,80.6,8.05
518,bodden town,20,KY,1534543200,74,19.28,-81.25,87.8,8.05
519,port blair,92,IN,1534547277,100,11.67,92.75,80.3,21.83
520,meshcherino,0,RU,1534545000,76,55.2,38.36,55.4,2.24
521,balikpapan,75,ID,1534546800,88,-1.24,116.86,78.8,8.05
522,padang,8,ID,1534547528,100,-0.92,100.36,80.48,1.59
523,chino valley,75,US,1534545300,57,34.76,-112.45,77,6.93
524,masyaf,40,SY,1534543200,69,35.06,36.34,77,6.93
525,chingirlau,80,KZ,1534547528,95,51.09,54.08,60.05,13.33
526,tamandare,0,BR,1534547529,77,-8.28,-70.75,78.05,3.94
527,planadas,0,CO,1534547529,59,3.2,-75.65,66.53,2.93
528,san pedro,0,AR,1534547530,66,-33.68,-59.66,60.59,9.19
530,pirgos,20,GR,1534546200,83,35.12,25.72,77,11.41
531,roros,0,NO,1534546200,100,62.57,11.38,37.4,3.36
532,tucumcari,1,US,1534546380,33,35.17,-103.73,91.4,8.05
533,areka,92,ET,1534547531,99,7.07,37.71,55.55,1.48
535,barkly west,0,ZA,1534543200,69,-28.54,24.52,39.2,5.82
536,xining,92,CN,1534547532,100,36.62,101.77,53.84,3.49
538,zhuhai,0,CN,1534543200,82,40.71,112.04,55.4,2.24
539,jalu,0,LY,1534547532,37,29.03,21.55,84.71,9.98
540,visby,88,SE,1534546200,77,57.64,18.3,66.2,4.7
541,baracoa,92,CU,1534547532,100,20.35,-74.5,80.66,14.79
542,mayo,90,CA,1534543200,58,63.59,-135.9,55.4,8.05
543,deogarh,48,IN,1534547532,97,21.53,84.72,74.99,3.15
544,latehar,0,IN,1534547533,95,23.74,84.5,75.26,6.29
545,uvat,92,RU,1534547533,100,59.14,68.9,54.83,13.11
546,maumere,0,ID,1534547533,100,-8.63,122.22,79.04,8.97
547,plettenberg bay,0,ZA,1534547533,100,-34.05,23.37,52.58,7.29
548,yiyang,88,CN,1534547533,100,28.59,112.35,72.65,12.21
549,kayes,32,ML,1534547533,89,14.44,-11.44,78.77,10.87
551,fallon,1,US,1534542960,21,46.84,-105.12,93.2,6.93
552,ahualulco,40,MX,1534542360,26,22.4,-101.17,82.4,8.05
553,karsun,0,RU,1534547534,62,54.2,46.98,54.65,6.62
554,hazorasp,0,UZ,1534545000,52,41.32,61.08,66.2,4.7
555,kapit,0,MY,1534547534,90,2.02,112.94,75.44,2.59
556,springfield,1,US,1534546320,62,37.22,-93.29,84.2,6.93
557,dengzhou,100,CN,1534547534,97,32.69,112.08,70.22,16.58
558,yamada,40,JP,1534543200,77,36.58,137.08,64.4,2.24
559,luganville,48,VU,1534547535,100,-15.51,167.18,78.14,9.08
560,tikrit,0,IQ,1534547535,26,34.62,43.68,84.08,10.76
561,coolum beach,0,AU,1534547535,81,-26.53,153.09,65.81,3.6
562,obama,8,JP,1534547535,59,35.49,135.74,78.23,3.49
563,bonavista,68,CA,1534547535,100,48.65,-53.11,54.65,4.72
564,malartic,75,CA,1534543200,68,48.14,-78.13,69.8,18.34
565,santa cruz de la palma,44,ES,1534546800,69,28.68,-17.76,73.4,10.29
566,longyearbyen,75,NO,1534546200,81,78.22,15.63,44.6,18.34
567,valparaiso,75,US,1534545900,83,41.47,-87.06,80.6,8.05
568,veracruz,40,VE,1534543200,38,7.66,-72.25,91.4,8.05
569,ambulu,24,ID,1534547536,100,-8.35,113.61,72.56,7.4
570,bati,80,ET,1534547537,92,11.19,40.02,64.64,3.71
571,gizo,20,IL,1534546200,69,31.8,34.94,78.8,4.7
572,honningsvag,24,NO,1534547450,94,70.98,25.97,51.5,4.61
573,tra vinh,88,VN,1534547537,98,9.93,106.35,76.34,14.23
574,vila velha,0,BR,1534546800,69,-3.71,-38.6,80.6,11.41
575,naryan-mar,76,RU,1534547537,90,67.67,53.09,42.05,6.17
576,teguise,75,ES,1534546800,69,29.06,-13.56,73.4,19.46
577,omboue,48,GA,1534547393,100,-1.57,9.26,74.18,7.29
578,pyu,92,MM,1534547538,99,18.48,96.43,71.84,2.59
579,brokopondo,20,SR,1534546800,83,5.06,-54.98,82.4,2.24
580,poya,0,NC,1534547538,98,-21.35,165.16,71.12,6.62
581,bubaque,20,GW,1534543200,88,11.28,-15.83,80.6,3.36
582,tari,36,NG,1534547538,95,12.41,4.49,72.65,4.16
583,gorom-gorom,64,BF,1534547538,92,14.45,-0.24,73.19,11.88
584,port keats,0,AU,1534547538,47,-14.25,129.55,76.88,10.2
585,sao paulo do potengi,20,BR,1534546800,73,-5.89,-35.76,77,8.05
586,lesozavodsk,56,RU,1534547539,81,45.47,133.42,67.79,13
587,kasongo,64,CD,1534547539,57,-4.43,26.67,73.1,2.37
588,mechetinskaya,0,RU,1534547539,61,46.77,40.45,65.99,3.38
589,jumla,80,NP,1534547539,91,29.28,82.18,38.36,2.82
590,drumheller,0,CA,1534547539,29,51.47,-112.7,83.81,9.53
591,san ramon,75,NI,1534543200,78,12.92,-85.84,73.4,9.17
593,doha,0,QA,1534543200,34,25.29,51.53,93.2,2.24
594,carutapera,80,BR,1534547540,81,-1.2,-46.02,80.03,11.43
595,villamontes,68,BO,1534547540,66,-21.26,-63.47,69.5,5.61
597,srandakan,8,ID,1534547540,81,-7.94,110.25,69.95,5.06
598,madimba,90,CM,1534543200,100,4.42,9.93,75.2,3.36
599,palauig,92,PH,1534547541,100,15.44,119.9,74.09,5.95
600,veraval,0,FR,1534546800,93,49.65,0.71,60.8,2.24
601,russell,0,AR,1534543200,40,-33.01,-68.8,71.6,3.36
602,puyo,64,EC,1534547541,99,-1.48,-78,59.69,2.59
603,palu,0,ID,1534547321,84,-0.9,119.87,69.23,1.59
604,blois,0,FR,1534546800,72,47.59,1.33,59,4.7
605,yar-sale,44,RU,1534547542,100,66.83,70.83,47,12.21